ts,raw,after_cooldown,after_flood,after_category,final
1770728360,1,1,1,1,1
1770728439,1,1,1,1,1
1770728514,0,0,0,0,0
1770728576,0,0,0,0,0
1770728633,0,0,0,0,0
1770728708,0,0,0,0,0
1770728780,0,0,0,0,0
1770728869,0,0,0,0,0
1770728959,0,0,0,0,0
1770729076,0,0,0,0,0
1770729251,0,0,0,0,0
1770729368,0,0,0,0,0
1770729443,0,0,0,0,0
1770729533,0,0,0,0,0
1770729608,0,0,0,0,0
1770729753,0,0,0,0,0
1770729828,0,0,0,0,0
1770730177,0,0,0,0,0
1770730309,0,0,0,0,0
1770730567,0,0,0,0,0
1770730639,0,0,0,0,0
1770730714,0,0,0,0,0
1770730789,0,0,0,0,0
1770730864,0,0,0,0,0
1770730933,0,0,0,0,0
1770731005,0,0,0,0,0
1770731080,0,0,0,0,0
1770731091,0,0,0,0,0
1770731166,0,0,0,0,0
1770731241,0,0,0,0,0
1770731312,0,0,0,0,0
1770731387,0,0,0,0,0
1770731462,0,0,0,0,0
1770731537,0,0,0,0,0
1770731612,0,0,0,0,0
1770731687,0,0,0,0,0
1770731763,1,1,1,1,1
1770731837,0,0,0,0,0
1770731912,0,0,0,0,0
1770731987,0,0,0,0,0
1770732062,0,0,0,0,0
1770732137,0,0,0,0,0
1770732212,0,0,0,0,0
1770732287,0,0,0,0,0
1770732362,0,0,0,0,0
1770732437,0,0,0,0,0
1770732512,0,0,0,0,0
1770732587,0,0,0,0,0
1770732662,0,0,0,0,0
1770732737,0,0,0,0,0
1770732812,0,0,0,0,0
1770732887,0,0,0,0,0
1770732962,0,0,0,0,0
1770733037,0,0,0,0,0
1770733112,0,0,0,0,0
1770733187,0,0,0,0,0
1770733262,0,0,0,0,0
1770733337,0,0,0,0,0
1770733415,0,0,0,0,0
1770733494,0,0,0,0,0
1770733569,0,0,0,0,0
1770733611,0,0,0,0,0
1770733686,0,0,0,0,0
1770733761,0,0,0,0,0
1770733836,0,0,0,0,0
1770733911,0,0,0,0,0
1770733986,0,0,0,0,0
1770734061,0,0,0,0,0
1770734136,0,0,0,0,0
1770734211,0,0,0,0,0
1770734286,0,0,0,0,0
1770734363,2,2,2,2,2
1770734436,0,0,0,0,0
1770734447,2,2,2,1,1
1770734521,0,0,0,0,0
1770734596,0,0,0,0,0
1770734672,2,1,1,1,1
1770734746,0,0,0,0,0
1770734821,0,0,0,0,0
1770734896,0,0,0,0,0
1770734971,0,0,0,0,0
1770735046,0,0,0,0,0
1770735121,0,0,0,0,0
1770735196,0,0,0,0,0
1770735271,0,0,0,0,0
1770735346,0,0,0,0,0
1770735421,0,0,0,0,0
1770735496,0,0,0,0,0
1770735571,0,0,0,0,0
1770735646,0,0,0,0,0
1770735721,0,0,0,0,0
1770735796,0,0,0,0,0
1770735871,0,0,0,0,0
1770735946,0,0,0,0,0
1770736021,0,0,0,0,0
1770736096,0,0,0,0,0
1770736171,0,0,0,0,0
1770736246,0,0,0,0,0
1770736321,0,0,0,0,0
1770736396,0,0,0,0,0
1770736471,0,0,0,0,0
1770736546,0,0,0,0,0
1770736621,0,0,0,0,0
1770736696,0,0,0,0,0
1770736771,0,0,0,0,0
1770736846,0,0,0,0,0
1770736921,0,0,0,0,0
1770736996,0,0,0,0,0
1770737071,0,0,0,0,0
1770737146,0,0,0,0,0
1770737221,0,0,0,0,0
1770737296,0,0,0,0,0
1770737371,0,0,0,0,0
1770737446,0,0,0,0,0
1770737521,0,0,0,0,0
1770737596,0,0,0,0,0
1770737671,0,0,0,0,0
1770737721,0,0,0,0,0
1770737796,0,0,0,0,0
1770737871,0,0,0,0,0
1770737946,0,0,0,0,0
1770738021,0,0,0,0,0
1770738096,0,0,0,0,0
1770738171,0,0,0,0,0
1770738246,0,0,0,0,0
1770738321,0,0,0,0,0
1770738396,0,0,0,0,0
1770738471,0,0,0,0,0
1770738546,0,0,0,0,0
1770738621,0,0,0,0,0
1770738696,0,0,0,0,0
1770738771,0,0,0,0,0
1770738846,0,0,0,0,0
1770738921,0,0,0,0,0
1770738996,0,0,0,0,0
1770739071,0,0,0,0,0
1770739146,0,0,0,0,0
1770739221,0,0,0,0,0
1770739296,0,0,0,0,0
1770739371,0,0,0,0,0
1770739446,0,0,0,0,0
1770739522,1,1,1,1,1
1770739596,0,0,0,0,0
1770739671,0,0,0,0,0
1770739746,0,0,0,0,0
1770739821,0,0,0,0,0
1770739896,0,0,0,0,0
1770739971,0,0,0,0,0
1770740046,0,0,0,0,0
1770740120,3,3,2,1,1
1770740194,0,0,0,0,0
1770740269,0,0,0,0,0
1770740344,0,0,0,0,0
1770740419,0,0,0,0,0
1770740494,0,0,0,0,0
1770740569,0,0,0,0,0
1770740644,0,0,0,0,0
1770740719,0,0,0,0,0
1770740794,0,0,0,0,0
1770740869,0,0,0,0,0
1770740944,0,0,0,0,0
1770741019,0,0,0,0,0
1770741094,0,0,0,0,0
1770741169,0,0,0,0,0
1770741244,0,0,0,0,0
1770741319,0,0,0,0,0
1770741394,0,0,0,0,0
1770741469,0,0,0,0,0
1770741545,2,2,2,1,1
1770741619,0,0,0,0,0
1770741694,0,0,0,0,0
1770741769,0,0,0,0,0
1770741788,0,0,0,0,0
1770741863,0,0,0,0,0
1770741938,0,0,0,0,0
1770742013,0,0,0,0,0
1770742088,0,0,0,0,0
1770742163,0,0,0,0,0
1770742238,0,0,0,0,0
1770742313,0,0,0,0,0
1770742388,0,0,0,0,0
1770742463,0,0,0,0,0
1770742538,0,0,0,0,0
1770742613,0,0,0,0,0
1770742688,0,0,0,0,0
1770742763,0,0,0,0,0
1770742838,0,0,0,0,0
1770742913,0,0,0,0,0
1770742988,0,0,0,0,0
1770743064,0,0,0,0,0
1770743138,0,0,0,0,0
1770743213,0,0,0,0,0
1770743288,0,0,0,0,0
1770743363,0,0,0,0,0
1770743438,0,0,0,0,0
1770743513,0,0,0,0,0
1770743588,0,0,0,0,0
1770743664,0,0,0,0,0
1770743739,0,0,0,0,0
1770743814,0,0,0,0,0
1770743889,1,1,1,1,1
1770743963,0,0,0,0,0
1770744038,0,0,0,0,0
1770744113,0,0,0,0,0
1770744188,0,0,0,0,0
1770744263,0,0,0,0,0
1770744338,0,0,0,0,0
1770744413,0,0,0,0,0
1770744488,0,0,0,0,0
1770744563,0,0,0,0,0
1770744638,0,0,0,0,0
1770744713,0,0,0,0,0
1770744788,0,0,0,0,0
1770744863,0,0,0,0,0
1770744938,0,0,0,0,0
1770745013,0,0,0,0,0
1770745088,0,0,0,0,0
1770745164,0,0,0,0,0
1770745238,0,0,0,0,0
1770745313,0,0,0,0,0
1770745388,0,0,0,0,0
1770745464,0,0,0,0,0
1770745539,0,0,0,0,0
1770745614,0,0,0,0,0
1770745689,0,0,0,0,0
1770745764,0,0,0,0,0
1770745839,0,0,0,0,0
1770745914,0,0,0,0,0
1770745989,0,0,0,0,0
1770746064,0,0,0,0,0
1770746139,0,0,0,0,0
1770746214,0,0,0,0,0
1770746289,0,0,0,0,0
1770746364,0,0,0,0,0
1770746439,0,0,0,0,0
1770746514,0,0,0,0,0
1770746589,0,0,0,0,0
1770746664,0,0,0,0,0
1770746739,0,0,0,0,0
1770746814,1,1,1,1,1
1770746889,0,0,0,0,0
1770746964,0,0,0,0,0
1770747039,0,0,0,0,0
1770747114,0,0,0,0,0
1770747189,0,0,0,0,0
1770747264,0,0,0,0,0
1770747339,0,0,0,0,0
1770747414,0,0,0,0,0
1770747489,0,0,0,0,0
1770747564,0,0,0,0,0
1770747639,0,0,0,0,0
1770747714,0,0,0,0,0
1770747789,0,0,0,0,0
1770747864,0,0,0,0,0
1770747939,0,0,0,0,0
1770748015,5,5,2,1,1
1770748089,0,0,0,0,0
1770748164,0,0,0,0,0
1770748239,0,0,0,0,0
1770748314,0,0,0,0,0
1770748389,0,0,0,0,0
1770748464,0,0,0,0,0
1770748539,0,0,0,0,0
1770748614,0,0,0,0,0
1770748689,0,0,0,0,0
1770748764,0,0,0,0,0
1770748839,0,0,0,0,0
1770748914,0,0,0,0,0
1770748989,0,0,0,0,0
1770749064,0,0,0,0,0
1770749139,0,0,0,0,0
1770749214,0,0,0,0,0
1770749289,0,0,0,0,0
1770749364,0,0,0,0,0
1770749439,0,0,0,0,0
1770749514,0,0,0,0,0
1770749590,2,2,2,1,1
1770749664,0,0,0,0,0
1770749739,0,0,0,0,0
1770749814,0,0,0,0,0
1770749849,0,0,0,0,0
1770749924,0,0,0,0,0
1770749999,0,0,0,0,0
1770750074,0,0,0,0,0
1770750149,0,0,0,0,0
1770750224,0,0,0,0,0
1770750299,0,0,0,0,0
1770750374,0,0,0,0,0
1770750449,0,0,0,0,0
1770750524,0,0,0,0,0
1770750599,0,0,0,0,0
1770750674,0,0,0,0,0
1770750749,0,0,0,0,0
1770750824,0,0,0,0,0
1770750899,0,0,0,0,0
1770750974,0,0,0,0,0
1770751049,0,0,0,0,0
1770751124,0,0,0,0,0
1770751199,0,0,0,0,0
1770751274,0,0,0,0,0
1770751717,0,0,0,0,0
1770751727,0,0,0,0,0
1770751803,0,0,0,0,0
1770751877,0,0,0,0,0
1770751952,0,0,0,0,0
1770751980,0,0,0,0,0
1770752055,0,0,0,0,0
1770752130,0,0,0,0,0
1770752205,0,0,0,0,0
1770752281,1,1,1,1,1
1770752355,0,0,0,0,0
1770752430,0,0,0,0,0
1770752504,0,0,0,0,0
1770752579,0,0,0,0,0
1770752654,0,0,0,0,0
1770752729,0,0,0,0,0
1770752804,0,0,0,0,0
1770752879,0,0,0,0,0
1770752954,0,0,0,0,0
1770753029,0,0,0,0,0
1770753104,0,0,0,0,0
1770753179,0,0,0,0,0
1770753254,0,0,0,0,0
1770753329,0,0,0,0,0
1770753404,0,0,0,0,0
1770753479,0,0,0,0,0
1770753554,0,0,0,0,0
1770753629,0,0,0,0,0
1770753704,0,0,0,0,0
1770753779,0,0,0,0,0
1770753854,0,0,0,0,0
1770753929,0,0,0,0,0
1770754004,0,0,0,0,0
1770754079,0,0,0,0,0
1770754154,0,0,0,0,0
1770754228,0,0,0,0,0
1770754304,0,0,0,0,0
1770754379,0,0,0,0,0
1770754454,2,2,2,1,1
1770754529,0,0,0,0,0
1770754604,0,0,0,0,0
1770754679,0,0,0,0,0
1770754754,0,0,0,0,0
1770754829,0,0,0,0,0
1770754904,0,0,0,0,0
1770754979,0,0,0,0,0
1770755054,0,0,0,0,0
1770755129,0,0,0,0,0
1770755204,0,0,0,0,0
1770755279,0,0,0,0,0
1770755354,1,1,1,1,1
1770755429,0,0,0,0,0
1770755504,2,1,1,1,1
1770755579,0,0,0,0,0
1770755654,0,0,0,0,0
1770755729,1,1,1,1,1
1770755804,0,0,0,0,0
1770755879,0,0,0,0,0
1770755954,0,0,0,0,0
1770756029,0,0,0,0,0
1770756104,0,0,0,0,0
1770756179,0,0,0,0,0
1770756254,0,0,0,0,0
1770756329,0,0,0,0,0
1770756404,0,0,0,0,0
1770756479,0,0,0,0,0
1770756554,0,0,0,0,0
1770756629,0,0,0,0,0
1770756706,0,0,0,0,0
1770756781,0,0,0,0,0
1770756856,0,0,0,0,0
1770756931,0,0,0,0,0
1770757006,0,0,0,0,0
1770757081,0,0,0,0,0
1770757156,0,0,0,0,0
1770757231,0,0,0,0,0
1770757306,0,0,0,0,0
1770757381,0,0,0,0,0
1770757456,0,0,0,0,0
1770757531,0,0,0,0,0
1770757606,0,0,0,0,0
1770757632,0,0,0,0,0
1770757691,0,0,0,0,0
1770757766,0,0,0,0,0
1770757841,0,0,0,0,0
1770757916,0,0,0,0,0
1770757991,0,0,0,0,0
1770758066,0,0,0,0,0
1770758141,0,0,0,0,0
1770758216,0,0,0,0,0
1770758291,0,0,0,0,0
1770758366,0,0,0,0,0
1770758441,0,0,0,0,0
1770758516,0,0,0,0,0
1770758591,0,0,0,0,0
1770758666,0,0,0,0,0
1770758741,0,0,0,0,0
1770758816,0,0,0,0,0
1770758891,0,0,0,0,0
1770758940,0,0,0,0,0
1770759016,4,4,2,1,1
1770759091,4,3,1,1,1
1770759165,4,2,1,1,1
1770759240,3,1,1,1,1
1770759315,0,0,0,0,0
1770759390,2,1,1,1,1
1770759465,0,0,0,0,0
1770759540,0,0,0,0,0
1770759615,0,0,0,0,0
1770759690,0,0,0,0,0
1770759765,0,0,0,0,0
1770759840,0,0,0,0,0
1770759915,0,0,0,0,0
1770759990,0,0,0,0,0
1770760065,0,0,0,0,0
1770760140,0,0,0,0,0
1770760215,0,0,0,0,0
1770760290,0,0,0,0,0
1770760365,0,0,0,0,0
1770760440,0,0,0,0,0
1770760515,0,0,0,0,0
1770760592,0,0,0,0,0
1770760665,0,0,0,0,0
1770760740,0,0,0,0,0
1770760815,0,0,0,0,0
1770760890,0,0,0,0,0
1770760965,0,0,0,0,0
1770761040,0,0,0,0,0
1770761115,0,0,0,0,0
1770761190,0,0,0,0,0
1770761265,0,0,0,0,0
1770761340,0,0,0,0,0
1770761415,0,0,0,0,0
1770761490,0,0,0,0,0
1770761565,0,0,0,0,0
1770761640,0,0,0,0,0
1770761715,0,0,0,0,0
1770761790,0,0,0,0,0
1770761865,0,0,0,0,0
1770761940,0,0,0,0,0
1770762015,0,0,0,0,0
1770762090,0,0,0,0,0
1770762166,1,1,1,1,1
1770762240,0,0,0,0,0
1770762315,1,0,0,0,0
1770762390,0,0,0,0,0
1770762465,0,0,0,0,0
1770762540,0,0,0,0,0
1770762615,0,0,0,0,0
1770762690,0,0,0,0,0
1770762765,0,0,0,0,0
1770762840,0,0,0,0,0
1770762915,0,0,0,0,0
1770762990,0,0,0,0,0
1770763065,0,0,0,0,0
1770763140,0,0,0,0,0
1770763215,0,0,0,0,0
1770763290,0,0,0,0,0
1770763365,0,0,0,0,0
1770763440,0,0,0,0,0
1770763515,0,0,0,0,0
1770763590,0,0,0,0,0
1770763665,0,0,0,0,0
1770763740,0,0,0,0,0
1770763815,0,0,0,0,0
1770763890,0,0,0,0,0
1770763965,0,0,0,0,0
1770764040,0,0,0,0,0
1770764115,0,0,0,0,0
1770764190,0,0,0,0,0
1770764265,0,0,0,0,0
1770764340,0,0,0,0,0
1770764415,0,0,0,0,0
1770764490,0,0,0,0,0
1770764565,0,0,0,0,0
1770764640,0,0,0,0,0
1770764715,0,0,0,0,0
1770764790,0,0,0,0,0
1770764865,0,0,0,0,0
1770764940,0,0,0,0,0
1770765015,0,0,0,0,0
1770765090,0,0,0,0,0
1770765165,0,0,0,0,0
1770765240,0,0,0,0,0
1770765315,0,0,0,0,0
1770765390,0,0,0,0,0
1770765465,0,0,0,0,0
1770765540,0,0,0,0,0
1770765615,0,0,0,0,0
1770765690,0,0,0,0,0
1770765765,0,0,0,0,0
1770765840,0,0,0,0,0
1770765915,0,0,0,0,0
1770765990,0,0,0,0,0
1770766065,0,0,0,0,0
1770766140,0,0,0,0,0
1770766215,0,0,0,0,0
1770766290,0,0,0,0,0
1770766366,1,1,1,1,1
1770766440,1,0,0,0,0
1770766515,0,0,0,0,0
1770766590,0,0,0,0,0
1770766665,0,0,0,0,0
1770766741,1,1,1,1,1
1770766815,0,0,0,0,0
1770766890,0,0,0,0,0
1770766965,0,0,0,0,0
1770767040,0,0,0,0,0
1770767115,0,0,0,0,0
1770767190,0,0,0,0,0
1770767265,0,0,0,0,0
1770767340,0,0,0,0,0
1770767415,0,0,0,0,0
1770767490,0,0,0,0,0
1770767565,0,0,0,0,0
1770767640,0,0,0,0,0
1770767715,0,0,0,0,0
1770767790,0,0,0,0,0
1770767865,0,0,0,0,0
1770767942,0,0,0,0,0
1770768015,0,0,0,0,0
1770768090,0,0,0,0,0
1770768165,0,0,0,0,0
1770768241,1,1,1,1,1
1770768317,0,0,0,0,0
1770768391,2,2,2,1,1
1770768465,0,0,0,0,0
1770768540,0,0,0,0,0
1770768615,0,0,0,0,0
1770768690,0,0,0,0,0
1770768765,0,0,0,0,0
1770768840,0,0,0,0,0
1770768915,0,0,0,0,0
1770768990,0,0,0,0,0
1770769065,0,0,0,0,0
1770769140,0,0,0,0,0
1770769215,0,0,0,0,0
1770769290,0,0,0,0,0
1770769365,0,0,0,0,0
1770769440,0,0,0,0,0
1770769515,0,0,0,0,0
1770769590,1,1,1,1,1
1770769665,1,0,0,0,0
1770769740,0,0,0,0,0
1770769817,0,0,0,0,0
1770769890,0,0,0,0,0
1770769967,0,0,0,0,0
1770770040,0,0,0,0,0
1770770115,0,0,0,0,0
1770770190,0,0,0,0,0
1770770265,0,0,0,0,0
1770770340,0,0,0,0,0
1770770415,0,0,0,0,0
1770770490,0,0,0,0,0
1770770565,0,0,0,0,0
1770770640,0,0,0,0,0
1770770715,0,0,0,0,0
1770770790,0,0,0,0,0
1770770865,0,0,0,0,0
1770770940,0,0,0,0,0
1770771015,0,0,0,0,0
1770771090,0,0,0,0,0
1770771165,0,0,0,0,0
1770771240,0,0,0,0,0
1770771316,1,1,1,1,1
1770771390,0,0,0,0,0
1770771465,0,0,0,0,0
1770771540,0,0,0,0,0
1770771615,0,0,0,0,0
1770771690,0,0,0,0,0
1770771765,0,0,0,0,0
1770771840,0,0,0,0,0
1770771915,0,0,0,0,0
1770771990,0,0,0,0,0
1770772065,0,0,0,0,0
1770772140,0,0,0,0,0
1770772215,0,0,0,0,0
1770772290,0,0,0,0,0
1770772365,0,0,0,0,0
1770772440,0,0,0,0,0
1770772515,0,0,0,0,0
1770772590,0,0,0,0,0
1770772665,0,0,0,0,0
1770772740,0,0,0,0,0
1770772815,0,0,0,0,0
1770772892,0,0,0,0,0
1770772965,0,0,0,0,0
1770773040,0,0,0,0,0
1770773115,0,0,0,0,0
1770773190,0,0,0,0,0
1770773265,0,0,0,0,0
1770773340,0,0,0,0,0
1770773415,0,0,0,0,0
1770773490,0,0,0,0,0
1770773565,0,0,0,0,0
1770773640,0,0,0,0,0
1770773715,0,0,0,0,0
1770773790,0,0,0,0,0
1770773865,0,0,0,0,0
1770773940,0,0,0,0,0
1770774015,0,0,0,0,0
1770774090,0,0,0,0,0
1770774165,0,0,0,0,0
1770774241,3,3,2,1,1
1770774315,1,0,0,0,0
1770774390,0,0,0,0,0
1770774465,0,0,0,0,0
1770774541,0,0,0,0,0
1770774615,0,0,0,0,0
1770774690,0,0,0,0,0
1770774765,0,0,0,0,0
1770774840,0,0,0,0,0
1770774915,0,0,0,0,0
1770774990,0,0,0,0,0
1770775065,0,0,0,0,0
1770775140,0,0,0,0,0
1770775215,0,0,0,0,0
1770775290,0,0,0,0,0
1770775365,0,0,0,0,0
1770775441,4,4,2,1,1
1770775516,1,1,1,1,1
1770775590,0,0,0,0,0
1770775665,0,0,0,0,0
1770775740,0,0,0,0,0
1770775815,0,0,0,0,0
1770775890,0,0,0,0,0
1770775965,0,0,0,0,0
1770776040,0,0,0,0,0
1770776115,0,0,0,0,0
1770776190,0,0,0,0,0
1770776265,0,0,0,0,0
1770776340,0,0,0,0,0
1770776415,0,0,0,0,0
1770776490,0,0,0,0,0
1770776566,1,1,1,1,1
1770776640,1,0,0,0,0
1770776715,0,0,0,0,0
1770776790,0,0,0,0,0
1770776866,2,1,1,1,1
1770776940,2,0,0,0,0
1770777019,1,1,1,1,1
1770777093,1,0,0,0,0
1770777165,0,0,0,0,0
1770777240,0,0,0,0,0
1770777315,0,0,0,0,0
1770777390,0,0,0,0,0
1770777465,0,0,0,0,0
1770777540,0,0,0,0,0
1770777615,0,0,0,0,0
1770777690,0,0,0,0,0
1770777765,0,0,0,0,0
1770777840,0,0,0,0,0
1770777915,0,0,0,0,0
1770777990,0,0,0,0,0
1770778065,0,0,0,0,0
1770778140,0,0,0,0,0
1770778215,0,0,0,0,0
1770778290,0,0,0,0,0
1770778365,0,0,0,0,0
1770778440,0,0,0,0,0
1770778515,0,0,0,0,0
1770778590,0,0,0,0,0
1770778665,0,0,0,0,0
1770778740,0,0,0,0,0
1770778815,0,0,0,0,0
1770778890,0,0,0,0,0
1770778965,0,0,0,0,0
1770779040,0,0,0,0,0
1770779115,0,0,0,0,0
1770779191,1,1,1,1,1
1770779265,0,0,0,0,0
1770779340,0,0,0,0,0
1770779415,0,0,0,0,0
1770779490,0,0,0,0,0
1770779566,0,0,0,0,0
1770779640,0,0,0,0,0
1770779716,1,1,1,1,1
1770779791,2,1,1,1,1
1770779866,3,1,1,1,1
1770779940,3,0,0,0,0
1770780015,3,0,0,0,0
1770780090,0,0,0,0,0
1770780165,0,0,0,0,0
1770780240,0,0,0,0,0
1770780315,0,0,0,0,0
1770780390,0,0,0,0,0
1770780465,0,0,0,0,0
1770780540,0,0,0,0,0
1770780615,0,0,0,0,0
1770780690,0,0,0,0,0
1770780765,0,0,0,0,0
1770780840,0,0,0,0,0
1770780915,0,0,0,0,0
1770780990,0,0,0,0,0
1770781066,0,0,0,0,0
1770781140,0,0,0,0,0
1770781215,0,0,0,0,0
1770781291,1,1,1,1,1
1770781365,0,0,0,0,0
1770781440,0,0,0,0,0
1770781515,0,0,0,0,0
1770781590,0,0,0,0,0
1770781665,0,0,0,0,0
1770781740,0,0,0,0,0
1770781815,0,0,0,0,0
1770781890,0,0,0,0,0
1770781965,0,0,0,0,0
1770782040,0,0,0,0,0
1770782115,0,0,0,0,0
1770782190,0,0,0,0,0
1770782265,0,0,0,0,0
1770782340,0,0,0,0,0
1770782415,0,0,0,0,0
1770782490,0,0,0,0,0
1770782565,0,0,0,0,0
1770782640,0,0,0,0,0
1770782715,0,0,0,0,0
1770782790,0,0,0,0,0
1770782865,0,0,0,0,0
1770782940,0,0,0,0,0
1770783015,0,0,0,0,0
1770783090,0,0,0,0,0
1770783166,2,2,2,1,1
1770783241,2,1,1,1,1
1770783315,0,0,0,0,0
1770783390,0,0,0,0,0
1770783465,0,0,0,0,0
1770783540,0,0,0,0,0
1770783589,0,0,0,0,0
1770783664,0,0,0,0,0
1770783739,0,0,0,0,0
1770783814,0,0,0,0,0
1770783889,0,0,0,0,0
1770783964,0,0,0,0,0
1770784039,0,0,0,0,0
1770784114,0,0,0,0,0
1770784189,0,0,0,0,0
1770784264,0,0,0,0,0
1770784339,0,0,0,0,0
1770784414,0,0,0,0,0
1770784437,0,0,0,0,0
1770784512,0,0,0,0,0
1770784588,0,0,0,0,0
1770784663,1,1,1,1,1
1770784737,0,0,0,0,0
1770784813,1,1,1,1,1
1770784887,0,0,0,0,0
1770784962,2,0,0,0,0
1770785038,2,1,1,1,1
1770785112,0,0,0,0,0
1770785187,0,0,0,0,0
1770785262,0,0,0,0,0
1770785337,0,0,0,0,0
1770785410,0,0,0,0,0
1770785485,0,0,0,0,0
1770785560,0,0,0,0,0
1770785636,1,1,1,1,1
1770785710,0,0,0,0,0
1770785785,0,0,0,0,0
1770785860,0,0,0,0,0
1770785935,0,0,0,0,0
1770786010,0,0,0,0,0
1770786085,0,0,0,0,0
1770786160,0,0,0,0,0
1770786235,0,0,0,0,0
1770786310,0,0,0,0,0
1770786387,0,0,0,0,0
1770786460,0,0,0,0,0
1770786535,0,0,0,0,0
1770786610,0,0,0,0,0
1770786685,0,0,0,0,0
1770786760,0,0,0,0,0
1770786835,0,0,0,0,0
1770786910,0,0,0,0,0
1770786922,0,0,0,0,0
1770786997,0,0,0,0,0
1770787072,0,0,0,0,0
1770787147,0,0,0,0,0
1770787222,0,0,0,0,0
1770787297,0,0,0,0,0
1770787372,0,0,0,0,0
1770787404,0,0,0,0,0
1770787479,0,0,0,0,0
1770787554,0,0,0,0,0
1770787580,0,0,0,0,0
1770787655,0,0,0,0,0
1770787730,0,0,0,0,0
1770787805,0,0,0,0,0
1770787826,0,0,0,0,0
1770787884,0,0,0,0,0
1770787959,0,0,0,0,0
1770787970,0,0,0,0,0
1770788034,0,0,0,0,0
1770788115,0,0,0,0,0
1770788190,0,0,0,0,0
1770788265,0,0,0,0,0
1770788311,0,0,0,0,0
1770788385,0,0,0,0,0
1770788460,0,0,0,0,0
1770788535,0,0,0,0,0
1770788610,0,0,0,0,0
1770788686,0,0,0,0,0
1770788760,0,0,0,0,0
1770788836,0,0,0,0,0
1770788911,0,0,0,0,0
1770788985,0,0,0,0,0
1770789060,0,0,0,0,0
1770789135,0,0,0,0,0
1770789210,0,0,0,0,0
1770789286,0,0,0,0,0
1770789360,0,0,0,0,0
1770789435,0,0,0,0,0
1770789511,0,0,0,0,0
1770789585,0,0,0,0,0
1770789660,0,0,0,0,0
1770789736,0,0,0,0,0
1770789811,0,0,0,0,0
1770789885,0,0,0,0,0
1770789961,0,0,0,0,0
1770790036,0,0,0,0,0
1770790111,3,3,2,1,1
1770790186,0,0,0,0,0
1770790261,0,0,0,0,0
1770790336,0,0,0,0,0
1770790411,2,2,2,1,1
1770790486,2,1,1,1,1
1770790561,0,0,0,0,0
1770790636,0,0,0,0,0
1770790711,2,0,0,0,0
1770790786,2,1,1,1,1
1770790861,0,0,0,0,0
1770790936,0,0,0,0,0
1770791011,0,0,0,0,0
1770791086,0,0,0,0,0
1770791161,0,0,0,0,0
1770791236,0,0,0,0,0
1770791311,0,0,0,0,0
1770791386,0,0,0,0,0
1770791461,0,0,0,0,0
1770791536,0,0,0,0,0
1770791611,0,0,0,0,0
1770791686,0,0,0,0,0
1770791729,0,0,0,0,0
1770791804,0,0,0,0,0
1770791879,0,0,0,0,0
1770791911,0,0,0,0,0
1770791980,0,0,0,0,0
1770792054,0,0,0,0,0
1770792129,0,0,0,0,0
1770792204,0,0,0,0,0
1770792280,0,0,0,0,0
1770792355,2,2,2,1,1
1770792776,0,0,0,0,0
1770792841,0,0,0,0,0
1770792914,0,0,0,0,0
1770793005,0,0,0,0,0
1770793080,0,0,0,0,0
1770793155,0,0,0,0,0
1770793230,0,0,0,0,0
1770793305,0,0,0,0,0
1770793380,0,0,0,0,0
1770793455,0,0,0,0,0
1770793530,0,0,0,0,0
1770793605,0,0,0,0,0
1770793680,0,0,0,0,0
1770793755,0,0,0,0,0
1770793830,0,0,0,0,0
1770793905,0,0,0,0,0
1770793980,0,0,0,0,0
1770794055,0,0,0,0,0
1770794130,0,0,0,0,0
1770794205,0,0,0,0,0
1770794280,0,0,0,0,0
1770794355,0,0,0,0,0
1770794430,0,0,0,0,0
1770794505,0,0,0,0,0
1770794580,0,0,0,0,0
1770794655,0,0,0,0,0
1770794730,0,0,0,0,0
1770794805,0,0,0,0,0
1770794880,0,0,0,0,0
1770794955,0,0,0,0,0
1770795030,0,0,0,0,0
1770795105,0,0,0,0,0
1770795180,0,0,0,0,0
1770795255,0,0,0,0,0
1770795330,0,0,0,0,0
1770795405,0,0,0,0,0
1770795480,0,0,0,0,0
1770795555,0,0,0,0,0
1770795631,0,0,0,0,0
1770795705,0,0,0,0,0
1770795780,0,0,0,0,0
1770795855,0,0,0,0,0
1770795930,0,0,0,0,0
1770796005,0,0,0,0,0
1770796080,0,0,0,0,0
1770796155,0,0,0,0,0
1770796230,0,0,0,0,0
1770796305,0,0,0,0,0
1770796380,0,0,0,0,0
1770796456,0,0,0,0,0
1770796530,0,0,0,0,0
1770796605,0,0,0,0,0
1770796680,0,0,0,0,0
1770796755,0,0,0,0,0
1770796831,0,0,0,0,0
1770796905,0,0,0,0,0
1770796980,0,0,0,0,0
1770797055,0,0,0,0,0
1770797130,0,0,0,0,0
1770797205,0,0,0,0,0
1770797280,0,0,0,0,0
1770797355,0,0,0,0,0
1770797430,0,0,0,0,0
1770797505,0,0,0,0,0
1770797580,0,0,0,0,0
1770797655,0,0,0,0,0
1770797730,0,0,0,0,0
1770797805,0,0,0,0,0
1770797880,0,0,0,0,0
1770797955,0,0,0,0,0
1770798030,0,0,0,0,0
1770798105,0,0,0,0,0
1770798180,0,0,0,0,0
1770798255,0,0,0,0,0
1770798330,0,0,0,0,0
1770798405,0,0,0,0,0
1770798480,0,0,0,0,0
1770798555,0,0,0,0,0
1770798630,0,0,0,0,0
1770798705,0,0,0,0,0
1770798780,0,0,0,0,0
1770798855,0,0,0,0,0
1770798930,0,0,0,0,0
1770799005,0,0,0,0,0
1770799080,0,0,0,0,0
1770799155,0,0,0,0,0
1770799231,0,0,0,0,0
1770799305,0,0,0,0,0
1770799380,0,0,0,0,0
1770799456,0,0,0,0,0
1770799531,0,0,0,0,0
1770799605,0,0,0,0,0
1770799681,0,0,0,0,0
1770799756,0,0,0,0,0
1770799828,0,0,0,0,0
1770799903,0,0,0,0,0
1770799978,0,0,0,0,0
1770800053,0,0,0,0,0
1770800128,0,0,0,0,0
1770800203,0,0,0,0,0
1770800277,0,0,0,0,0
1770800352,0,0,0,0,0
1770800428,0,0,0,0,0
1770800502,0,0,0,0,0
1770800577,0,0,0,0,0
1770800652,0,0,0,0,0
1770800728,0,0,0,0,0
1770800803,0,0,0,0,0
1770800878,0,0,0,0,0
1770800953,0,0,0,0,0
1770801028,0,0,0,0,0
1770801103,0,0,0,0,0
1770801178,0,0,0,0,0
1770801253,0,0,0,0,0
1770801328,0,0,0,0,0
1770801403,0,0,0,0,0
1770801478,0,0,0,0,0
1770801553,0,0,0,0,0
1770801628,0,0,0,0,0
1770801703,0,0,0,0,0
1770801778,0,0,0,0,0
1770801853,0,0,0,0,0
1770801928,0,0,0,0,0
1770802003,0,0,0,0,0
1770802078,0,0,0,0,0
1770802153,0,0,0,0,0
1770802229,0,0,0,0,0
1770802303,0,0,0,0,0
1770802378,0,0,0,0,0
1770802453,0,0,0,0,0
1770802528,0,0,0,0,0
1770802603,0,0,0,0,0
1770802678,0,0,0,0,0
1770802753,0,0,0,0,0
1770802828,0,0,0,0,0
1770802903,0,0,0,0,0
1770802978,0,0,0,0,0
1770803053,0,0,0,0,0
1770803128,0,0,0,0,0
1770803203,0,0,0,0,0
1770803278,1,1,1,1,1
1770803353,1,0,0,0,0
1770803428,1,0,0,0,0
1770803503,1,0,0,0,0
1770803578,0,0,0,0,0
1770803653,0,0,0,0,0
1770803728,0,0,0,0,0
1770803803,0,0,0,0,0
1770803878,0,0,0,0,0
1770803953,0,0,0,0,0
1770804028,0,0,0,0,0
1770804103,0,0,0,0,0
1770804178,0,0,0,0,0
1770804253,0,0,0,0,0
1770804328,0,0,0,0,0
1770804403,0,0,0,0,0
1770804478,0,0,0,0,0
1770804553,0,0,0,0,0
1770804628,0,0,0,0,0
1770804703,0,0,0,0,0
1770804778,0,0,0,0,0
1770804853,0,0,0,0,0
1770804928,0,0,0,0,0
1770805003,0,0,0,0,0
1770805078,0,0,0,0,0
1770805153,0,0,0,0,0
1770805228,0,0,0,0,0
1770805303,0,0,0,0,0
1770805378,0,0,0,0,0
1770805453,0,0,0,0,0
1770805528,0,0,0,0,0
1770805604,0,0,0,0,0
1770805679,0,0,0,0,0
1770805753,0,0,0,0,0
1770805828,0,0,0,0,0
1770805903,0,0,0,0,0
1770805978,0,0,0,0,0
1770806053,0,0,0,0,0
1770806128,0,0,0,0,0
1770806203,1,1,1,1,1
1770806278,1,0,0,0,0
1770806353,1,0,0,0,0
1770806428,0,0,0,0,0
1770806503,0,0,0,0,0
1770806578,0,0,0,0,0
1770806653,0,0,0,0,0
1770806729,0,0,0,0,0
1770806803,0,0,0,0,0
1770806878,0,0,0,0,0
1770806954,0,0,0,0,0
1770807029,0,0,0,0,0
1770807103,0,0,0,0,0
1770807178,0,0,0,0,0
1770807253,0,0,0,0,0
1770807328,0,0,0,0,0
1770807403,0,0,0,0,0
1770807478,0,0,0,0,0
1770807553,0,0,0,0,0
1770807628,0,0,0,0,0
1770807703,0,0,0,0,0
1770807778,0,0,0,0,0
1770807853,0,0,0,0,0
1770807929,0,0,0,0,0
1770808003,0,0,0,0,0
1770808078,0,0,0,0,0
1770808153,0,0,0,0,0
1770808228,0,0,0,0,0
1770808303,0,0,0,0,0
1770808379,0,0,0,0,0
1770808453,0,0,0,0,0
1770808528,0,0,0,0,0
1770808603,0,0,0,0,0
1770808678,0,0,0,0,0
1770808753,0,0,0,0,0
1770808829,0,0,0,0,0
1770808903,0,0,0,0,0
1770808978,2,2,2,1,1
1770809053,1,1,1,1,1
1770809128,0,0,0,0,0
1770809203,0,0,0,0,0
1770809278,0,0,0,0,0
1770809353,0,0,0,0,0
1770809428,0,0,0,0,0
1770809503,0,0,0,0,0
1770809578,0,0,0,0,0
1770809653,0,0,0,0,0
1770809728,0,0,0,0,0
1770809803,0,0,0,0,0
1770809878,0,0,0,0,0
1770809953,0,0,0,0,0
1770810029,0,0,0,0,0
1770810103,0,0,0,0,0
1770810178,0,0,0,0,0
1770810253,0,0,0,0,0
1770810328,0,0,0,0,0
1770810404,0,0,0,0,0
1770810478,0,0,0,0,0
1770810553,0,0,0,0,0
1770810628,0,0,0,0,0
1770810703,0,0,0,0,0
1770810778,0,0,0,0,0
1770810853,0,0,0,0,0
1770810928,0,0,0,0,0
1770811003,0,0,0,0,0
1770811078,0,0,0,0,0
1770811153,0,0,0,0,0
1770811228,0,0,0,0,0
1770811303,0,0,0,0,0
1770811378,0,0,0,0,0
1770811454,0,0,0,0,0
1770811528,0,0,0,0,0
1770811603,0,0,0,0,0
1770811678,0,0,0,0,0
1770811753,1,1,1,1,1
1770811828,0,0,0,0,0
1770811903,0,0,0,0,0
1770811978,0,0,0,0,0
1770812053,0,0,0,0,0
1770812129,0,0,0,0,0
1770812203,0,0,0,0,0
1770812279,0,0,0,0,0
1770812354,0,0,0,0,0
1770812428,0,0,0,0,0
1770812503,0,0,0,0,0
1770812578,0,0,0,0,0
1770812653,0,0,0,0,0
1770812728,0,0,0,0,0
1770812803,0,0,0,0,0
1770812879,0,0,0,0,0
1770812946,0,0,0,0,0
1770813020,0,0,0,0,0
1770813103,0,0,0,0,0
1770813178,0,0,0,0,0
1770813253,0,0,0,0,0
1770813329,0,0,0,0,0
1770813403,0,0,0,0,0
1770813479,0,0,0,0,0
1770813553,0,0,0,0,0
1770813628,0,0,0,0,0
1770813703,0,0,0,0,0
1770813778,0,0,0,0,0
1770813854,0,0,0,0,0
1770813928,0,0,0,0,0
1770814003,0,0,0,0,0
1770814078,0,0,0,0,0
1770814153,0,0,0,0,0
1770814229,0,0,0,0,0
1770814304,0,0,0,0,0
1770814378,0,0,0,0,0
1770814453,0,0,0,0,0
1770814528,0,0,0,0,0
1770814603,0,0,0,0,0
1770814678,0,0,0,0,0
1770814753,0,0,0,0,0
1770814828,0,0,0,0,0
1770814903,0,0,0,0,0
1770814978,0,0,0,0,0
1770815053,0,0,0,0,0
1770815128,0,0,0,0,0
1770815203,0,0,0,0,0
1770815278,0,0,0,0,0
1770815353,0,0,0,0,0
1770815428,0,0,0,0,0
1770815504,1,1,1,1,1
1770815579,1,0,0,0,0
1770815653,1,0,0,0,0
1770815729,0,0,0,0,0
1770815803,0,0,0,0,0
1770815878,0,0,0,0,0
1770815953,0,0,0,0,0
1770816029,0,0,0,0,0
1770816103,0,0,0,0,0
1770816178,0,0,0,0,0
1770816253,0,0,0,0,0
1770816328,0,0,0,0,0
1770816403,0,0,0,0,0
1770816478,0,0,0,0,0
1770816553,0,0,0,0,0
1770816630,0,0,0,0,0
1770816703,0,0,0,0,0
1770816778,0,0,0,0,0
1770816854,0,0,0,0,0
1770816928,1,1,1,1,1
1770816968,0,0,0,0,0
1770817042,0,0,0,0,0
1770817118,0,0,0,0,0
1770817192,0,0,0,0,0
1770817267,1,1,1,1,1
1770817342,0,0,0,0,0
1770817417,1,0,0,0,0
1770817492,1,0,0,0,0
1770817567,1,1,1,1,1
1770817643,2,1,1,1,1
1770817717,0,0,0,0,0
1770817792,0,0,0,0,0
1770817867,1,0,0,0,0
1770817942,1,0,0,0,0
1770818018,0,0,0,0,0
1770818092,1,0,0,0,0
1770818167,0,0,0,0,0
1770818242,0,0,0,0,0
1770818317,0,0,0,0,0
1770818393,1,1,1,1,1
1770818467,2,2,2,2,2
1770818542,2,0,0,0,0
1770818617,3,0,0,0,0
1770818692,2,1,1,1,1
1770818768,2,0,0,0,0
1770818842,2,0,0,0,0
1770818918,0,0,0,0,0
1770818992,1,0,0,0,0
1770819068,1,0,0,0,0
1770819142,1,0,0,0,0
1770819218,0,0,0,0,0
1770819292,1,1,1,1,1
1770819367,3,0,0,0,0
1770819443,3,0,0,0,0
1770819518,1,0,0,0,0
1770819592,0,0,0,0,0
1770819667,0,0,0,0,0
1770819743,0,0,0,0,0
1770819818,0,0,0,0,0
1770819892,0,0,0,0,0
1770819968,0,0,0,0,0
1770820043,0,0,0,0,0
1770820118,0,0,0,0,0
1770820192,0,0,0,0,0
1770820276,0,0,0,0,0
1770820351,0,0,0,0,0
1770820426,0,0,0,0,0
1770820501,0,0,0,0,0
1770820576,1,1,1,1,1
1770820652,1,1,1,1,1
1770820726,2,1,1,1,1
1770820802,0,0,0,0,0
1770820876,0,0,0,0,0
1770820951,0,0,0,0,0
1770821026,0,0,0,0,0
1770821101,0,0,0,0,0
1770821176,0,0,0,0,0
1770821251,0,0,0,0,0
1770821326,0,0,0,0,0
1770821401,0,0,0,0,0
1770821476,1,0,0,0,0
1770821551,0,0,0,0,0
1770821626,0,0,0,0,0
1770821702,0,0,0,0,0
1770821776,0,0,0,0,0
1770821852,1,0,0,0,0
1770821926,0,0,0,0,0
1770822001,0,0,0,0,0
1770822076,1,1,1,1,1
1770822152,0,0,0,0,0
1770822226,0,0,0,0,0
1770822303,0,0,0,0,0
1770822377,0,0,0,0,0
1770822451,0,0,0,0,0
1770822526,0,0,0,0,0
1770822601,0,0,0,0,0
1770822676,2,1,1,1,1
1770822767,0,0,0,0,0
1770822832,0,0,0,0,0
1770822908,1,1,1,1,1
1770822982,1,0,0,0,0
1770823056,0,0,0,0,0
1770823131,0,0,0,0,0
1770823207,0,0,0,0,0
1770823281,0,0,0,0,0
1770823356,0,0,0,0,0
1770823431,0,0,0,0,0
1770823506,0,0,0,0,0
1770823581,0,0,0,0,0
1770823656,0,0,0,0,0
1770823731,0,0,0,0,0
1770823806,0,0,0,0,0
1770823882,0,0,0,0,0
1770823939,0,0,0,0,0
1770824014,0,0,0,0,0
1770824089,0,0,0,0,0
1770824164,0,0,0,0,0
1770824239,0,0,0,0,0
1770824314,0,0,0,0,0
1770824389,0,0,0,0,0
1770824464,0,0,0,0,0
1770824539,0,0,0,0,0
1770824614,0,0,0,0,0
1770824689,0,0,0,0,0
1770824764,0,0,0,0,0
1770824839,0,0,0,0,0
1770824914,0,0,0,0,0
1770824990,1,1,1,1,1
1770825065,1,1,1,1,1
1770825139,0,0,0,0,0
1770825214,0,0,0,0,0
1770825289,0,0,0,0,0
1770825365,1,1,1,1,1
1770825403,0,0,0,0,0
1770825476,0,0,0,0,0
1770825551,0,0,0,0,0
1770825627,0,0,0,0,0
1770825702,1,1,1,0,0
1770825726,1,1,1,0,0
1770825799,1,1,1,0,0
1770825875,0,0,0,0,0
1770825949,0,0,0,0,0
1770826025,0,0,0,0,0
1770826100,0,0,0,0,0
1770826174,0,0,0,0,0
1770826249,0,0,0,0,0
1770826325,0,0,0,0,0
1770826399,0,0,0,0,0
1770826475,1,1,1,1,1
1770826549,0,0,0,0,0
1770826625,0,0,0,0,0
1770826699,0,0,0,0,0
1770826775,0,0,0,0,0
1770826849,0,0,0,0,0
1770826925,0,0,0,0,0
1770826999,0,0,0,0,0
1770827075,0,0,0,0,0
1770827149,0,0,0,0,0
1770827225,0,0,0,0,0
1770827300,0,0,0,0,0
1770827374,0,0,0,0,0
1770827450,0,0,0,0,0
1770827525,0,0,0,0,0
1770827600,1,1,1,1,1
1770827674,0,0,0,0,0
1770827742,2,2,2,0,0
1770827816,3,3,2,0,0
1770827891,4,4,2,0,0
1770827967,4,4,2,0,0
1770828042,0,0,0,0,0
1770828116,0,0,0,0,0
1770828191,0,0,0,0,0
1770828266,0,0,0,0,0
1770828342,1,1,1,0,0
1770828417,0,0,0,0,0
1770828492,1,1,1,0,0
1770828567,0,0,0,0,0
1770828642,0,0,0,0,0
1770828717,0,0,0,0,0
1770828791,0,0,0,0,0
1770828866,0,0,0,0,0
1770828942,0,0,0,0,0
1770829016,0,0,0,0,0
1770829092,0,0,0,0,0
1770829167,0,0,0,0,0
1770829241,1,1,1,0,0
1770829317,1,1,1,0,0
1770829392,1,1,1,0,0
1770829467,0,0,0,0,0
1770829542,0,0,0,0,0
1770829617,1,1,1,0,0
1770829692,0,0,0,0,0
1770829767,1,1,1,0,0
1770829842,1,1,1,0,0
1770829916,1,1,1,0,0
1770829992,0,0,0,0,0
1770830067,0,0,0,0,0
1770830141,0,0,0,0,0
1770830216,0,0,0,0,0
1770830292,0,0,0,0,0
1770830367,0,0,0,0,0
1770830442,0,0,0,0,0
1770830516,0,0,0,0,0
1770830591,0,0,0,0,0
1770830668,0,0,0,0,0
1770830741,0,0,0,0,0
1770830817,0,0,0,0,0
1770830891,1,1,1,0,0
1770830967,0,0,0,0,0
1770831042,0,0,0,0,0
1770831117,1,1,1,0,0
1770831192,1,1,1,0,0
1770831267,0,0,0,0,0
1770831342,0,0,0,0,0
1770831417,1,1,1,1,1
1770831491,0,0,0,0,0
1770831568,2,1,1,1,1
1770831643,0,0,0,0,0
1770831716,0,0,0,0,0
1770831791,0,0,0,0,0
1770831866,2,0,0,0,0
1770831942,0,0,0,0,0
1770832017,1,0,0,0,0
1770832092,1,0,0,0,0
1770832167,1,1,1,1,1
1770832245,0,0,0,0,0
1770832317,1,1,1,1,1
1770832392,0,0,0,0,0
1770832467,1,1,1,1,1
1770832543,4,2,2,1,1
1770832617,1,0,0,0,0
1770832692,0,0,0,0,0
1770832767,0,0,0,0,0
1770832842,2,1,1,1,1
1770832917,0,0,0,0,0
1770832994,1,1,1,0,0
1770833067,0,0,0,0,0
1770833145,3,3,2,1,1
1770833217,1,1,1,0,0
1770833292,1,1,1,0,0
1770833367,0,0,0,0,0
1770833442,1,0,0,0,0
1770833517,0,0,0,0,0
1770833592,0,0,0,0,0
1770833667,0,0,0,0,0
1770833743,4,3,2,1,1
1770833817,0,0,0,0,0
1770833892,0,0,0,0,0
1770833967,2,0,0,0,0
1770834043,4,2,2,1,1
1770834117,1,0,0,0,0
1770834193,0,0,0,0,0
1770834267,0,0,0,0,0
1770834343,5,2,2,1,1
1770834417,1,0,0,0,0
1770834492,0,0,0,0,0
1770834567,0,0,0,0,0
1770834642,5,2,2,1,1
1770834717,0,0,0,0,0
1770834792,0,0,0,0,0
1770834868,2,1,1,1,1
1770834942,2,0,0,0,0
1770835017,0,0,0,0,0
1770835092,0,0,0,0,0
1770835167,0,0,0,0,0
1770835243,2,1,1,1,1
1770835317,0,0,0,0,0
1770835392,0,0,0,0,0
1770835467,0,0,0,0,0
1770835542,1,0,0,0,0
1770835617,1,1,1,1,1
1770835692,0,0,0,0,0
1770835767,0,0,0,0,0
1770835843,2,1,1,1,1
1770835917,1,0,0,0,0
1770835992,1,0,0,0,0
1770836067,1,0,0,0,0
1770836142,4,3,2,1,1
1770836218,2,1,1,1,1
1770836292,0,0,0,0,0
1770836367,0,0,0,0,0
1770836442,1,1,1,1,1
1770836517,0,0,0,0,0
1770836592,0,0,0,0,0
1770836667,0,0,0,0,0
1770836743,1,1,1,1,1
1770836817,0,0,0,0,0
1770836892,1,0,0,0,0
1770836968,1,1,1,1,1
1770837042,5,2,2,1,1
1770837117,4,1,1,1,1
1770837193,4,1,1,1,1
1770837267,1,0,0,0,0
1770837343,6,4,2,1,1
1770837420,3,1,1,1,1
1770837492,4,0,0,0,0
1770837567,1,0,0,0,0
1770837642,5,1,1,1,1
1770837717,1,0,0,0,0
1770837792,2,1,1,1,1
1770837868,0,0,0,0,0
1770837942,2,1,1,1,1
1770838017,1,0,0,0,0
1770838092,0,0,0,0,0
1770838167,0,0,0,0,0
1770838242,2,0,0,0,0
1770838317,0,0,0,0,0
1770838392,0,0,0,0,0
1770838467,0,0,0,0,0
1770838545,0,0,0,0,0
1770838617,1,0,0,0,0
1770838692,1,0,0,0,0
1770838767,0,0,0,0,0
1770838842,0,0,0,0,0
1770838918,1,1,1,1,1
1770838995,3,2,2,1,1
1770839067,2,1,1,1,1
1770839143,3,2,2,1,1
1770839218,3,2,2,1,1
1770839292,1,0,0,0,0
1770839367,0,0,0,0,0
1770839442,0,0,0,0,0
1770839517,1,0,0,0,0
1770839592,1,0,0,0,0
1770839667,0,0,0,0,0
1770839742,0,0,0,0,0
1770839817,0,0,0,0,0
1770839892,0,0,0,0,0
1770839967,0,0,0,0,0
1770840042,0,0,0,0,0
1770840117,0,0,0,0,0
1770840192,0,0,0,0,0
1770840267,0,0,0,0,0
1770840342,0,0,0,0,0
1770840417,0,0,0,0,0
1770840494,0,0,0,0,0
1770840570,0,0,0,0,0
1770840642,0,0,0,0,0
1770840717,0,0,0,0,0
1770840792,0,0,0,0,0
1770840867,0,0,0,0,0
1770840942,0,0,0,0,0
1770841018,1,1,1,1,1
1770841092,0,0,0,0,0
1770841167,0,0,0,0,0
1770841242,0,0,0,0,0
1770841317,0,0,0,0,0
1770841392,0,0,0,0,0
1770841467,0,0,0,0,0
1770841542,0,0,0,0,0
1770841617,0,0,0,0,0
1770841692,0,0,0,0,0
1770841768,1,1,1,1,1
1770841842,0,0,0,0,0
1770841917,0,0,0,0,0
1770841992,0,0,0,0,0
1770842067,0,0,0,0,0
1770842142,0,0,0,0,0
1770842217,0,0,0,0,0
1770842292,0,0,0,0,0
1770842367,0,0,0,0,0
1770842442,0,0,0,0,0
1770842517,0,0,0,0,0
1770842592,0,0,0,0,0
1770842667,0,0,0,0,0
1770842742,0,0,0,0,0
1770842817,0,0,0,0,0
1770842892,0,0,0,0,0
1770842967,0,0,0,0,0
1770843043,1,1,1,1,1
1770843117,1,0,0,0,0
1770843192,0,0,0,0,0
1770843267,0,0,0,0,0
1770843342,0,0,0,0,0
1770843417,0,0,0,0,0
1770843492,0,0,0,0,0
1770843567,0,0,0,0,0
1770843642,0,0,0,0,0
1770843717,0,0,0,0,0
1770843792,0,0,0,0,0
1770843867,0,0,0,0,0
1770843942,0,0,0,0,0
1770844017,0,0,0,0,0
1770844092,0,0,0,0,0
1770844167,0,0,0,0,0
1770844242,0,0,0,0,0
1770844317,0,0,0,0,0
1770844392,0,0,0,0,0
1770844467,0,0,0,0,0
1770844542,0,0,0,0,0
1770844619,0,0,0,0,0
1770844692,0,0,0,0,0
1770844768,1,1,1,1,1
1770844842,1,0,0,0,0
1770844917,0,0,0,0,0
1770844992,0,0,0,0,0
1770845067,0,0,0,0,0
1770845143,1,1,1,1,1
1770845217,1,1,1,1,1
1770845292,0,0,0,0,0
1770845368,0,0,0,0,0
1770845443,1,1,1,1,1
1770845517,2,2,2,1,1
1770845592,0,0,0,0,0
1770845667,0,0,0,0,0
1770845743,1,1,1,1,1
1770845818,0,0,0,0,0
1770845892,3,3,2,1,1
1770845968,1,1,1,1,1
1770846042,0,0,0,0,0
1770846117,1,0,0,0,0
1770846192,0,0,0,0,0
1770846267,0,0,0,0,0
1770846344,0,0,0,0,0
1770846417,0,0,0,0,0
1770846492,0,0,0,0,0
1770846567,0,0,0,0,0
1770846642,0,0,0,0,0
1770846719,0,0,0,0,0
1770846792,0,0,0,0,0
1770846867,0,0,0,0,0
1770846942,0,0,0,0,0
1770847017,0,0,0,0,0
1770847092,0,0,0,0,0
1770847167,0,0,0,0,0
1770847242,0,0,0,0,0
1770847317,0,0,0,0,0
1770847392,0,0,0,0,0
1770847468,0,0,0,0,0
1770847542,0,0,0,0,0
1770847617,0,0,0,0,0
1770847692,0,0,0,0,0
1770847767,0,0,0,0,0
1770847842,0,0,0,0,0
1770847917,0,0,0,0,0
1770847992,0,0,0,0,0
1770848067,0,0,0,0,0
1770848142,0,0,0,0,0
1770848217,0,0,0,0,0
1770848292,0,0,0,0,0
1770848367,0,0,0,0,0
1770848442,0,0,0,0,0
1770848517,0,0,0,0,0
1770848592,0,0,0,0,0
1770848667,0,0,0,0,0
1770848742,0,0,0,0,0
1770848817,0,0,0,0,0
1770848892,0,0,0,0,0
1770848967,0,0,0,0,0
1770849042,0,0,0,0,0
1770849117,0,0,0,0,0
1770849192,0,0,0,0,0
1770849267,0,0,0,0,0
1770849342,0,0,0,0,0
1770849417,0,0,0,0,0
1770849492,0,0,0,0,0
1770849567,0,0,0,0,0
1770849642,0,0,0,0,0
1770849717,0,0,0,0,0
1770849792,0,0,0,0,0
1770849867,0,0,0,0,0
1770849942,0,0,0,0,0
1770850017,0,0,0,0,0
1770850092,0,0,0,0,0
1770850167,0,0,0,0,0
1770850242,0,0,0,0,0
1770850317,0,0,0,0,0
1770850392,0,0,0,0,0
1770850467,0,0,0,0,0
1770850542,0,0,0,0,0
1770850617,0,0,0,0,0
1770850692,0,0,0,0,0
1770850767,0,0,0,0,0
1770850842,0,0,0,0,0
1770850917,0,0,0,0,0
1770850992,0,0,0,0,0
1770851068,0,0,0,0,0
1770851143,0,0,0,0,0
1770851217,0,0,0,0,0
1770851292,0,0,0,0,0
1770851367,0,0,0,0,0
1770851442,0,0,0,0,0
1770851518,1,1,1,1,1
1770851593,1,1,1,1,1
1770851667,0,0,0,0,0
1770851742,0,0,0,0,0
1770851817,0,0,0,0,0
1770851892,0,0,0,0,0
1770851967,0,0,0,0,0
1770852042,0,0,0,0,0
1770852119,5,3,3,2,2
1770852192,1,0,0,0,0
1770852267,0,0,0,0,0
1770852342,1,0,0,0,0
1770852418,2,1,1,1,1
1770852492,1,0,0,0,0
1770852567,0,0,0,0,0
1770852643,1,0,0,0,0
1770852717,1,0,0,0,0
1770852792,1,0,0,0,0
1770852867,0,0,0,0,0
1770852942,1,0,0,0,0
1770853017,3,2,2,1,1
1770853092,1,0,0,0,0
1770853170,1,0,0,0,0
1770853242,0,0,0,0,0
1770853317,1,0,0,0,0
1770853392,0,0,0,0,0
1770853467,0,0,0,0,0
1770853542,0,0,0,0,0
1770853617,0,0,0,0,0
1770853694,0,0,0,0,0
1770853768,0,0,0,0,0
1770853843,1,1,1,1,1
1770853917,0,0,0,0,0
1770853992,0,0,0,0,0
1770854067,0,0,0,0,0
1770854142,0,0,0,0,0
1770854217,0,0,0,0,0
1770854292,0,0,0,0,0
1770854367,0,0,0,0,0
1770854442,0,0,0,0,0
1770854517,0,0,0,0,0
1770854592,0,0,0,0,0
1770854669,0,0,0,0,0
1770854742,0,0,0,0,0
1770854817,0,0,0,0,0
1770854892,0,0,0,0,0
1770854967,0,0,0,0,0
1770855042,0,0,0,0,0
1770855117,0,0,0,0,0
1770855192,0,0,0,0,0
1770855267,0,0,0,0,0
1770855342,0,0,0,0,0
1770855417,0,0,0,0,0
1770855492,0,0,0,0,0
1770855568,0,0,0,0,0
1770855642,0,0,0,0,0
1770855717,0,0,0,0,0
1770855792,0,0,0,0,0
1770855868,0,0,0,0,0
1770855942,0,0,0,0,0
1770856017,0,0,0,0,0
1770856092,0,0,0,0,0
1770856168,0,0,0,0,0
1770856242,0,0,0,0,0
1770856317,0,0,0,0,0
1770856392,0,0,0,0,0
1770856467,0,0,0,0,0
1770856542,0,0,0,0,0
1770856617,0,0,0,0,0
1770856692,0,0,0,0,0
1770856767,0,0,0,0,0
1770856843,0,0,0,0,0
1770856917,0,0,0,0,0
1770856992,0,0,0,0,0
1770857067,0,0,0,0,0
1770857142,0,0,0,0,0
1770857217,0,0,0,0,0
1770857292,0,0,0,0,0
1770857367,0,0,0,0,0
1770857442,0,0,0,0,0
1770857517,0,0,0,0,0
1770857592,0,0,0,0,0
1770857667,0,0,0,0,0
1770857742,0,0,0,0,0
1770857817,0,0,0,0,0
1770857892,0,0,0,0,0
1770857967,0,0,0,0,0
1770858042,0,0,0,0,0
1770858117,0,0,0,0,0
1770858192,0,0,0,0,0
1770858267,0,0,0,0,0
1770858343,0,0,0,0,0
1770858417,0,0,0,0,0
1770858492,0,0,0,0,0
1770858567,0,0,0,0,0
1770858642,0,0,0,0,0
1770858717,0,0,0,0,0
1770858792,0,0,0,0,0
1770858867,0,0,0,0,0
1770858943,0,0,0,0,0
1770859017,0,0,0,0,0
1770859092,0,0,0,0,0
1770859167,0,0,0,0,0
1770859242,0,0,0,0,0
1770859317,0,0,0,0,0
1770859392,0,0,0,0,0
1770859467,0,0,0,0,0
1770859542,0,0,0,0,0
1770859617,0,0,0,0,0
1770859694,2,2,2,2,2
1770859767,0,0,0,0,0
1770859842,0,0,0,0,0
1770859918,0,0,0,0,0
1770859992,1,0,0,0,0
1770860067,0,0,0,0,0
1770860142,0,0,0,0,0
1770860218,0,0,0,0,0
1770860293,2,0,0,0,0
1770860368,3,2,2,1,1
1770860442,1,0,0,0,0
1770860518,1,0,0,0,0
1770860592,0,0,0,0,0
1770860668,1,0,0,0,0
1770860742,0,0,0,0,0
1770860818,0,0,0,0,0
1770860892,0,0,0,0,0
1770860967,0,0,0,0,0
1770861042,0,0,0,0,0
1770861118,0,0,0,0,0
1770861192,0,0,0,0,0
1770861270,0,0,0,0,0
1770861342,0,0,0,0,0
1770861417,0,0,0,0,0
1770861493,0,0,0,0,0
1770861567,0,0,0,0,0
1770861642,0,0,0,0,0
1770861717,0,0,0,0,0
1770861793,0,0,0,0,0
1770861867,0,0,0,0,0
1770861946,1,1,1,1,1
1770862018,0,0,0,0,0
1770862092,0,0,0,0,0
1770862168,0,0,0,0,0
1770862242,0,0,0,0,0
1770862317,0,0,0,0,0
1770862392,0,0,0,0,0
1770862467,0,0,0,0,0
1770862542,0,0,0,0,0
1770862617,0,0,0,0,0
1770862692,0,0,0,0,0
1770862767,0,0,0,0,0
1770862843,0,0,0,0,0
1770862917,0,0,0,0,0
1770862992,0,0,0,0,0
1770863067,0,0,0,0,0
1770863143,0,0,0,0,0
1770863218,0,0,0,0,0
1770863293,0,0,0,0,0
1770863367,0,0,0,0,0
1770863442,0,0,0,0,0
1770863518,0,0,0,0,0
1770863593,1,1,1,1,1
1770863669,2,1,1,1,1
1770863743,2,0,0,0,0
1770863817,0,0,0,0,0
1770863893,2,1,1,1,1
1770863968,0,0,0,0,0
1770864043,0,0,0,0,0
1770864118,1,0,0,0,0
1770864192,0,0,0,0,0
1770864268,1,0,0,0,0
1770864342,0,0,0,0,0
1770864418,0,0,0,0,0
1770864492,0,0,0,0,0
1770864567,0,0,0,0,0
1770864643,0,0,0,0,0
1770864718,0,0,0,0,0
1770864793,0,0,0,0,0
1770864867,0,0,0,0,0
1770864942,0,0,0,0,0
1770865018,0,0,0,0,0
1770865093,0,0,0,0,0
1770865170,0,0,0,0,0
1770865243,0,0,0,0,0
1770865317,0,0,0,0,0
1770865393,0,0,0,0,0
1770865467,0,0,0,0,0
1770865543,0,0,0,0,0
1770865617,0,0,0,0,0
1770865692,0,0,0,0,0
1770865768,0,0,0,0,0
1770865842,0,0,0,0,0
1770865918,0,0,0,0,0
1770865992,0,0,0,0,0
1770866069,0,0,0,0,0
1770866142,0,0,0,0,0
1770866217,0,0,0,0,0
1770866292,0,0,0,0,0
1770866367,0,0,0,0,0
1770866443,0,0,0,0,0
1770866517,0,0,0,0,0
1770866592,0,0,0,0,0
1770866668,0,0,0,0,0
1770866742,0,0,0,0,0
1770866818,0,0,0,0,0
1770866892,0,0,0,0,0
1770866967,0,0,0,0,0
1770867042,0,0,0,0,0
1770867117,0,0,0,0,0
1770867193,0,0,0,0,0
1770867267,0,0,0,0,0
1770867343,0,0,0,0,0
1770867417,0,0,0,0,0
1770867493,0,0,0,0,0
1770867567,0,0,0,0,0
1770867642,0,0,0,0,0
1770867718,0,0,0,0,0
1770867793,0,0,0,0,0
1770867867,0,0,0,0,0
1770867942,0,0,0,0,0
1770868017,0,0,0,0,0
1770868093,0,0,0,0,0
1770868167,0,0,0,0,0
1770868242,0,0,0,0,0
1770868317,0,0,0,0,0
1770868392,0,0,0,0,0
1770868468,0,0,0,0,0
1770868542,0,0,0,0,0
1770868618,0,0,0,0,0
1770868692,0,0,0,0,0
1770868768,0,0,0,0,0
1770868844,0,0,0,0,0
1770868917,0,0,0,0,0
1770868992,0,0,0,0,0
1770869067,0,0,0,0,0
1770869143,0,0,0,0,0
1770869217,0,0,0,0,0
1770869292,0,0,0,0,0
1770869368,0,0,0,0,0
1770869443,0,0,0,0,0
1770869517,0,0,0,0,0
1770869592,0,0,0,0,0
1770869668,0,0,0,0,0
1770869742,0,0,0,0,0
1770869818,0,0,0,0,0
1770869892,0,0,0,0,0
1770869968,0,0,0,0,0
1770870043,0,0,0,0,0
1770870118,0,0,0,0,0
1770870193,0,0,0,0,0
1770870268,0,0,0,0,0
1770870343,0,0,0,0,0
1770870420,0,0,0,0,0
1770870493,0,0,0,0,0
1770870568,0,0,0,0,0
1770870643,0,0,0,0,0
1770870718,0,0,0,0,0
1770870793,0,0,0,0,0
1770870868,0,0,0,0,0
1770870944,3,3,2,1,1
1770871017,0,0,0,0,0
1770871093,1,1,1,1,1
1770871168,0,0,0,0,0
1770871243,1,0,0,0,0
1770871318,0,0,0,0,0
1770871393,1,0,0,0,0
1770871468,0,0,0,0,0
1770871543,0,0,0,0,0
1770871618,0,0,0,0,0
1770871693,0,0,0,0,0
1770871768,0,0,0,0,0
1770871843,0,0,0,0,0
1770871918,0,0,0,0,0
1770871993,0,0,0,0,0
1770872068,0,0,0,0,0
1770872143,0,0,0,0,0
1770872218,0,0,0,0,0
1770872293,0,0,0,0,0
1770872368,0,0,0,0,0
1770872443,0,0,0,0,0
1770872520,0,0,0,0,0
1770872593,0,0,0,0,0
1770872668,0,0,0,0,0
1770872743,1,1,1,1,1
1770872818,1,0,0,0,0
1770872893,0,0,0,0,0
1770872969,0,0,0,0,0
1770873043,0,0,0,0,0
1770873118,1,0,0,0,0
1770873193,1,0,0,0,0
1770873268,0,0,0,0,0
1770873344,2,2,2,1,1
1770873418,2,1,1,1,1
1770873493,3,2,2,1,1
1770873568,2,2,2,1,1
1770873644,1,1,1,1,1
1770873718,0,0,0,0,0
1770873793,0,0,0,0,0
1770873868,0,0,0,0,0
1770873944,0,0,0,0,0
1770874018,1,1,1,1,1
1770874093,0,0,0,0,0
1770874168,0,0,0,0,0
1770874243,0,0,0,0,0
1770874322,1,1,1,1,1
1770874393,2,0,0,0,0
1770874469,3,2,2,1,1
1770874544,4,1,1,1,1
1770874618,3,1,1,1,1
1770874694,0,0,0,0,0
1770874768,0,0,0,0,0
1770874843,0,0,0,0,0
1770874918,0,0,0,0,0
1770874993,0,0,0,0,0
1770875069,0,0,0,0,0
1770875143,0,0,0,0,0
1770875218,0,0,0,0,0
1770875293,0,0,0,0,0
1770875368,0,0,0,0,0
1770875443,0,0,0,0,0
1770875518,0,0,0,0,0
1770875593,0,0,0,0,0
1770875668,0,0,0,0,0
1770875743,0,0,0,0,0
1770875818,0,0,0,0,0
1770875895,0,0,0,0,0
1770875967,0,0,0,0,0
1770876045,0,0,0,0,0
1770876117,0,0,0,0,0
1770876192,0,0,0,0,0
1770876268,0,0,0,0,0
1770876343,0,0,0,0,0
1770876418,0,0,0,0,0
1770876493,0,0,0,0,0
1770876568,0,0,0,0,0
1770876642,0,0,0,0,0
1770876717,0,0,0,0,0
1770876793,0,0,0,0,0
1770876854,1,1,1,1,1
1770876928,0,0,0,0,0
1770877003,0,0,0,0,0
1770877078,0,0,0,0,0
1770877154,0,0,0,0,0
1770877228,0,0,0,0,0
1770877303,0,0,0,0,0
1770877378,0,0,0,0,0
1770877455,0,0,0,0,0
1770877529,0,0,0,0,0
1770877604,0,0,0,0,0
1770877679,0,0,0,0,0
1770877754,0,0,0,0,0
1770877830,0,0,0,0,0
1770877904,0,0,0,0,0
1770877979,0,0,0,0,0
1770878054,0,0,0,0,0
1770878129,0,0,0,0,0
1770878204,0,0,0,0,0
1770878279,1,0,0,0,0
1770878355,0,0,0,0,0
1770878429,1,0,0,0,0
1770878504,1,0,0,0,0
1770878579,0,0,0,0,0
1770878654,0,0,0,0,0
1770878729,0,0,0,0,0
1770878804,0,0,0,0,0
1770878879,0,0,0,0,0
1770878954,0,0,0,0,0
1770879029,0,0,0,0,0
1770879104,0,0,0,0,0
1770879179,0,0,0,0,0
1770879254,0,0,0,0,0
1770879329,0,0,0,0,0
1770879404,0,0,0,0,0
1770879479,0,0,0,0,0
1770879554,0,0,0,0,0
1770879630,0,0,0,0,0
1770879704,0,0,0,0,0
1770879778,0,0,0,0,0
1770879853,0,0,0,0,0
1770879928,0,0,0,0,0
1770880003,0,0,0,0,0
1770880078,0,0,0,0,0
1770880153,0,0,0,0,0
1770880229,0,0,0,0,0
1770880304,0,0,0,0,0
1770880379,0,0,0,0,0
1770880454,0,0,0,0,0
1770880530,1,1,1,1,1
1770880604,0,0,0,0,0
1770880679,0,0,0,0,0
1770880754,1,0,0,0,0
1770880829,0,0,0,0,0
1770880903,0,0,0,0,0
1770880978,0,0,0,0,0
1770881053,0,0,0,0,0
1770881130,0,0,0,0,0
1770881204,0,0,0,0,0
1770881279,1,1,1,0,0
1770881354,0,0,0,0,0
1770881429,0,0,0,0,0
1770881504,0,0,0,0,0
1770881579,0,0,0,0,0
1770881654,1,0,0,0,0
1770881730,0,0,0,0,0
1770881804,0,0,0,0,0
1770881879,0,0,0,0,0
1770881954,0,0,0,0,0
1770882029,0,0,0,0,0
1770882104,0,0,0,0,0
1770882179,0,0,0,0,0
1770882254,0,0,0,0,0
1770882329,0,0,0,0,0
1770882404,0,0,0,0,0
1770882479,0,0,0,0,0
1770882554,0,0,0,0,0
1770882629,0,0,0,0,0
1770882704,0,0,0,0,0
1770882778,0,0,0,0,0
1770882853,0,0,0,0,0
1770882929,0,0,0,0,0
1770883004,0,0,0,0,0
1770883079,0,0,0,0,0
1770883154,1,0,0,0,0
1770883230,1,0,0,0,0
1770883304,1,0,0,0,0
1770883379,1,0,0,0,0
1770883454,0,0,0,0,0
1770883530,1,0,0,0,0
1770883604,0,0,0,0,0
1770883679,0,0,0,0,0
1770883754,0,0,0,0,0
1770883830,0,0,0,0,0
1770883904,0,0,0,0,0
1770883979,0,0,0,0,0
1770884054,0,0,0,0,0
1770884129,0,0,0,0,0
1770884204,0,0,0,0,0
1770884279,0,0,0,0,0
1770884354,0,0,0,0,0
1770884429,0,0,0,0,0
1770884505,1,1,1,1,1
1770884579,0,0,0,0,0
1770884654,1,0,0,0,0
1770884729,1,0,0,0,0
1770884804,1,0,0,0,0
1770884879,1,0,0,0,0
1770884954,0,0,0,0,0
1770885030,0,0,0,0,0
1770885104,0,0,0,0,0
1770885179,0,0,0,0,0
1770885254,0,0,0,0,0
1770885330,0,0,0,0,0
1770885404,0,0,0,0,0
1770885479,0,0,0,0,0
1770885554,0,0,0,0,0
1770885630,0,0,0,0,0
1770885704,0,0,0,0,0
1770885779,0,0,0,0,0
1770885854,0,0,0,0,0
1770885930,0,0,0,0,0
1770886004,0,0,0,0,0
1770886079,0,0,0,0,0
1770886154,0,0,0,0,0
1770886230,0,0,0,0,0
1770886304,0,0,0,0,0
1770886380,1,1,1,1,1
1770886454,1,0,0,0,0
1770886530,0,0,0,0,0
1770886604,0,0,0,0,0
1770886679,0,0,0,0,0
1770886754,0,0,0,0,0
1770886831,0,0,0,0,0
1770886904,0,0,0,0,0
1770886979,0,0,0,0,0
1770887054,0,0,0,0,0
1770887130,0,0,0,0,0
1770887204,0,0,0,0,0
1770887279,0,0,0,0,0
1770887354,0,0,0,0,0
1770887429,0,0,0,0,0
1770887504,1,0,0,0,0
1770887579,0,0,0,0,0
1770887654,0,0,0,0,0
1770887730,1,0,0,0,0
1770887804,0,0,0,0,0
1770887879,0,0,0,0,0
1770887954,0,0,0,0,0
1770888030,0,0,0,0,0
1770888104,0,0,0,0,0
1770888179,0,0,0,0,0
1770888254,0,0,0,0,0
1770888330,0,0,0,0,0
1770888404,0,0,0,0,0
1770888479,0,0,0,0,0
1770888554,0,0,0,0,0
1770888630,0,0,0,0,0
1770888704,0,0,0,0,0
1770888779,0,0,0,0,0
1770888856,2,2,2,2,2
1770888930,2,1,1,1,1
1770889005,1,1,1,1,1
1770889079,1,0,0,0,0
1770889154,1,0,0,0,0
1770889231,0,0,0,0,0
1770889304,0,0,0,0,0
1770889379,0,0,0,0,0
1770889454,0,0,0,0,0
1770889529,0,0,0,0,0
1770889604,1,0,0,0,0
1770889679,0,0,0,0,0
1770889755,0,0,0,0,0
1770889829,0,0,0,0,0
1770889905,0,0,0,0,0
1770889979,0,0,0,0,0
1770890054,0,0,0,0,0
1770890129,1,1,1,0,0
1770890203,0,0,0,0,0
1770890280,0,0,0,0,0
1770890354,0,0,0,0,0
1770890429,0,0,0,0,0
1770890504,0,0,0,0,0
1770890580,0,0,0,0,0
1770890654,0,0,0,0,0
1770890730,0,0,0,0,0
1770890804,0,0,0,0,0
1770890879,0,0,0,0,0
1770890954,0,0,0,0,0
1770891031,0,0,0,0,0
1770891104,0,0,0,0,0
1770891180,0,0,0,0,0
1770891254,0,0,0,0,0
1770891333,0,0,0,0,0
1770891404,0,0,0,0,0
1770891479,0,0,0,0,0
1770891554,0,0,0,0,0
1770891629,0,0,0,0,0
1770891704,0,0,0,0,0
1770891779,0,0,0,0,0
1770891854,0,0,0,0,0
1770891930,0,0,0,0,0
1770892004,0,0,0,0,0
1770892079,0,0,0,0,0
1770892154,0,0,0,0,0
1770892231,1,1,1,1,1
1770892304,0,0,0,0,0
1770892379,0,0,0,0,0
1770892454,0,0,0,0,0
1770892530,1,0,0,0,0
1770892604,0,0,0,0,0
1770892679,0,0,0,0,0
1770892754,0,0,0,0,0
1770892830,1,0,0,0,0
1770892904,0,0,0,0,0
1770892979,0,0,0,0,0
1770893054,0,0,0,0,0
1770893129,0,0,0,0,0
1770893204,0,0,0,0,0
1770893279,0,0,0,0,0
1770893354,0,0,0,0,0
1770893431,2,1,1,1,1
1770893504,0,0,0,0,0
1770893579,1,0,0,0,0
1770893654,1,0,0,0,0
1770893731,2,0,0,0,0
1770893804,0,0,0,0,0
1770893879,1,0,0,0,0
1770893954,1,0,0,0,0
1770894030,2,1,1,0,0
1770894105,0,0,0,0,0
1770894179,1,1,1,0,0
1770894254,0,0,0,0,0
1770894330,1,0,0,0,0
1770894404,0,0,0,0,0
1770894479,0,0,0,0,0
1770894554,0,0,0,0,0
1770894630,0,0,0,0,0
1770894704,0,0,0,0,0
1770894779,0,0,0,0,0
1770894854,0,0,0,0,0
1770894931,0,0,0,0,0
1770895004,0,0,0,0,0
1770895080,2,2,2,1,1
1770895154,2,1,1,0,0
1770895229,2,2,2,0,0
1770895304,3,2,2,0,0
1770895379,0,0,0,0,0
1770895454,0,0,0,0,0
1770895531,1,0,0,0,0
1770895605,1,0,0,0,0
1770895679,0,0,0,0,0
1770895718,0,0,0,0,0
1770895793,0,0,0,0,0
1770895867,0,0,0,0,0
1770895943,1,1,1,1,1
1770896018,0,0,0,0,0
1770896092,0,0,0,0,0
1770896167,0,0,0,0,0
1770896197,0,0,0,0,0
1770896271,0,0,0,0,0
1770896346,0,0,0,0,0
1770896424,0,0,0,0,0
1770896497,0,0,0,0,0
1770896572,0,0,0,0,0
1770896647,0,0,0,0,0
1770896721,0,0,0,0,0
1770896797,0,0,0,0,0
1770896872,0,0,0,0,0
1770896946,0,0,0,0,0
1770897021,0,0,0,0,0
1770897097,0,0,0,0,0
1770897172,0,0,0,0,0
1770897246,0,0,0,0,0
1770897321,0,0,0,0,0
1770897396,0,0,0,0,0
1770897472,0,0,0,0,0
1770897547,0,0,0,0,0
1770897639,0,0,0,0,0
1770897714,0,0,0,0,0
1770897789,0,0,0,0,0
1770897864,0,0,0,0,0
1770897940,0,0,0,0,0
1770898014,0,0,0,0,0
1770898091,0,0,0,0,0
1770898165,0,0,0,0,0
1770898239,0,0,0,0,0
1770898314,0,0,0,0,0
1770898389,0,0,0,0,0
1770898464,0,0,0,0,0
1770898539,0,0,0,0,0
1770898614,0,0,0,0,0
1770898689,0,0,0,0,0
1770898764,0,0,0,0,0
1770898839,0,0,0,0,0
1770898914,0,0,0,0,0
1770898989,0,0,0,0,0
1770899064,0,0,0,0,0
1770899139,0,0,0,0,0
1770899214,0,0,0,0,0
1770899288,0,0,0,0,0
1770899364,0,0,0,0,0
1770899439,0,0,0,0,0
1770899513,0,0,0,0,0
1770899588,0,0,0,0,0
1770899664,0,0,0,0,0
1770899739,0,0,0,0,0
1770899814,0,0,0,0,0
1770899889,0,0,0,0,0
1770899964,0,0,0,0,0
1770900039,0,0,0,0,0
1770900114,0,0,0,0,0
1770900189,0,0,0,0,0
1770900264,0,0,0,0,0
1770900339,0,0,0,0,0
1770900414,0,0,0,0,0
1770900489,0,0,0,0,0
1770900564,0,0,0,0,0
1770900639,0,0,0,0,0
1770900714,0,0,0,0,0
1770900789,0,0,0,0,0
1770900864,0,0,0,0,0
1770900954,0,0,0,0,0
1770901029,0,0,0,0,0
1770901104,0,0,0,0,0
1770901179,0,0,0,0,0
1770901254,0,0,0,0,0
1770901329,0,0,0,0,0
1770901404,0,0,0,0,0
1770901479,0,0,0,0,0
1770901526,0,0,0,0,0
1770901601,0,0,0,0,0
1770901676,0,0,0,0,0
1770901751,0,0,0,0,0
1770901827,0,0,0,0,0
1770901902,0,0,0,0,0
1770901976,0,0,0,0,0
1770902051,0,0,0,0,0
1770902126,0,0,0,0,0
1770902201,0,0,0,0,0
1770902276,0,0,0,0,0
1770902343,0,0,0,0,0
1770902419,0,0,0,0,0
1770902493,0,0,0,0,0
1770902569,0,0,0,0,0
1770902643,0,0,0,0,0
1770902718,0,0,0,0,0
1770902793,0,0,0,0,0
1770902869,0,0,0,0,0
1770902943,0,0,0,0,0
1770903018,0,0,0,0,0
1770903094,1,1,1,1,1
1770903169,0,0,0,0,0
1770903243,0,0,0,0,0
1770903320,2,1,1,1,1
1770903393,1,0,0,0,0
1770903469,0,0,0,0,0
1770903544,1,0,0,0,0
1770903619,0,0,0,0,0
1770903693,0,0,0,0,0
1770903769,0,0,0,0,0
1770903843,0,0,0,0,0
1770903919,0,0,0,0,0
1770903993,0,0,0,0,0
1770904069,0,0,0,0,0
1770904143,0,0,0,0,0
1770904219,1,0,0,0,0
1770904293,0,0,0,0,0
1770904369,0,0,0,0,0
1770904443,1,1,1,0,0
1770904519,0,0,0,0,0
1770904594,0,0,0,0,0
1770904669,0,0,0,0,0
1770904744,0,0,0,0,0
1770904818,0,0,0,0,0
1770904894,0,0,0,0,0
1770904971,1,0,0,0,0
1770905043,0,0,0,0,0
1770905118,0,0,0,0,0
1770905193,0,0,0,0,0
1770905269,0,0,0,0,0
1770905343,1,0,0,0,0
1770905418,1,1,1,0,0
1770905493,0,0,0,0,0
1770905532,0,0,0,0,0
1770905607,0,0,0,0,0
1770905682,0,0,0,0,0
1770905759,0,0,0,0,0
1770905840,0,0,0,0,0
1770905890,0,0,0,0,0
1770905965,0,0,0,0,0
1770906019,1,1,1,1,1
1770906102,1,1,1,1,1
1770906177,1,1,1,1,1
1770906251,1,1,1,1,1
1770906325,1,1,1,1,1
1770906401,1,1,1,1,1
1770906477,1,1,1,1,1
1770906550,1,1,1,1,1
1770906625,1,1,1,1,1
1770906700,1,1,1,1,1
1770906776,1,1,1,1,1
1770906853,3,3,3,2,2
1770906926,1,1,1,1,1
1770907002,1,1,1,1,1
1770907077,1,1,1,1,1
1770907150,1,1,1,1,1
1770907225,1,1,1,1,1
1770907300,2,1,1,1,1
1770907376,1,1,1,1,1
1770907451,1,1,1,1,1
1770907526,2,2,2,1,1
1770907601,2,1,1,0,0
1770907676,1,1,1,0,0
1770907750,1,1,1,0,0
1770907826,2,2,2,1,1
1770907900,3,2,2,0,0
1770907976,1,1,1,0,0
1770908050,1,1,1,0,0
1770908128,1,1,1,0,0
1770908200,1,1,1,0,0
1770908276,1,1,1,0,0
1770908352,1,1,1,0,0
1770908425,1,1,1,0,0
1770908501,1,1,1,0,0
1770908575,1,1,1,0,0
1770908650,1,1,1,0,0
1770908728,1,1,1,1,1
1770908802,2,2,2,2,2
1770908876,2,2,2,1,1
1770908951,1,1,1,1,1
1770909025,1,1,1,1,1
1770909102,1,1,1,1,1
1770909175,1,1,1,1,1
1770909250,1,1,1,1,1
1770909326,1,1,1,1,1
1770909401,1,1,1,1,1
1770909476,1,1,1,1,1
1770909551,2,2,2,1,1
1770909625,1,1,1,1,1
1770909701,2,2,2,1,1
1770909775,1,1,1,1,1
1770909853,2,2,2,2,2
1770909926,1,1,1,1,1
1770910001,1,1,1,1,1
1770910075,1,1,1,1,1
1770910150,1,1,1,1,1
1770910225,1,1,1,1,1
1770910301,2,2,2,1,1
1770910376,1,1,1,1,1
1770910452,1,1,1,1,1
1770910526,1,1,1,1,1
1770910602,1,1,1,1,1
1770910677,1,1,1,1,1
1770910752,1,1,1,1,1
1770910825,2,2,2,1,1
1770910902,1,1,1,1,1
1770910976,2,2,2,1,1
1770911051,2,2,2,0,0
1770911125,2,1,1,0,0
1770911200,1,1,1,0,0
1770911276,1,1,1,0,0
1770911351,1,1,1,0,0
1770911426,1,1,1,0,0
1770911500,1,1,1,0,0
1770911577,1,1,1,0,0
1770911651,1,1,1,0,0
1770911725,2,2,2,0,0
1770911800,1,1,1,0,0
1770911875,2,2,2,0,0
1770911951,2,2,2,0,0
1770912026,1,1,1,0,0
1770912101,7,6,3,0,0
1770912176,1,1,1,0,0
1770912252,4,4,3,0,0
1770912326,1,1,1,0,0
1770912401,1,1,1,0,0
1770912477,1,1,1,1,1
1770912590,1,1,1,1,1
1770912664,3,3,3,1,1
1770912741,4,3,3,1,1
1770912815,3,3,3,0,0
1770912888,1,1,1,0,0
1770912965,2,2,2,1,1
1770913038,1,1,1,0,0
1770913113,4,3,3,0,0
1770913189,1,1,1,0,0
1770913263,1,1,1,0,0
1770913340,3,3,2,0,0
1770913416,5,5,4,1,1
